entry_key	signature_hash	label	description	observed_count	exemplar_pids	object_type	typeOfResource	has_parent	has_children	is_ordered	datastream_ids	datastream_details_json	signature_json
pdf_object_definition_01d424b8a51b	01d424b8a51b	pdf object definition	Observed pdf object definition through public BDR API sampling.	2	bdr:5pwxc7h4|bdr:8z74mmyk	pdf	text_resources	False	False	False	MODS|PDF|RELS-EXT|RELS-INT|irMetadata|rightsMetadata|thumbnail	"[{""id"":""MODS"",""mime_type"":""text/xml""},{""id"":""PDF"",""mime_type"":""application/pdf""},{""id"":""RELS-EXT"",""mime_type"":""text/xml""},{""id"":""RELS-INT"",""mime_type"":""text/xml""},{""id"":""irMetadata"",""mime_type"":""application/octet-stream""},{""id"":""rightsMetadata"",""mime_type"":""application/octet-stream""},{""id"":""thumbnail"",""mime_type"":""image/jpeg""}]"	"{""datastream_details"":[{""id"":""MODS"",""mime_type"":""text/xml""},{""id"":""PDF"",""mime_type"":""application/pdf""},{""id"":""RELS-EXT"",""mime_type"":""text/xml""},{""id"":""RELS-INT"",""mime_type"":""text/xml""},{""id"":""irMetadata"",""mime_type"":""application/octet-stream""},{""id"":""rightsMetadata"",""mime_type"":""application/octet-stream""},{""id"":""thumbnail"",""mime_type"":""image/jpeg""}],""datastream_ids"":[""MODS"",""PDF"",""RELS-EXT"",""RELS-INT"",""irMetadata"",""rightsMetadata"",""thumbnail""],""has_children"":false,""has_parent"":false,""is_ordered"":false,""object_type"":""pdf"",""typeOfResource"":""text_resources""}"
pdf_object_definition_07bc58a8abdd	07bc58a8abdd	pdf object definition	Observed pdf object definition through public BDR API sampling.	1	bdr:592rayx5	pdf	journals	False	True	False	MODS|PDF|RELS-EXT|RELS-INT|irMetadata|rightsMetadata	"[{""id"":""MODS"",""mime_type"":""text/xml""},{""id"":""PDF"",""mime_type"":""application/pdf""},{""id"":""RELS-EXT"",""mime_type"":""text/xml""},{""id"":""RELS-INT"",""mime_type"":""text/xml""},{""id"":""irMetadata"",""mime_type"":""application/octet-stream""},{""id"":""rightsMetadata"",""mime_type"":""application/octet-stream""}]"	"{""datastream_details"":[{""id"":""MODS"",""mime_type"":""text/xml""},{""id"":""PDF"",""mime_type"":""application/pdf""},{""id"":""RELS-EXT"",""mime_type"":""text/xml""},{""id"":""RELS-INT"",""mime_type"":""text/xml""},{""id"":""irMetadata"",""mime_type"":""application/octet-stream""},{""id"":""rightsMetadata"",""mime_type"":""application/octet-stream""}],""datastream_ids"":[""MODS"",""PDF"",""RELS-EXT"",""RELS-INT"",""irMetadata"",""rightsMetadata""],""has_children"":true,""has_parent"":false,""is_ordered"":false,""object_type"":""pdf"",""typeOfResource"":""journals""}"
pdf_object_definition_091cc58a6c3b	091cc58a6c3b	pdf object definition	Observed pdf object definition through public BDR API sampling.	3	bdr:1102288|bdr:1102289|bdr:1102290	pdf	text	True	False	True	DC|MODS|PDF|RELS-EXT|RELS-INT|irMetadata|rightsMetadata|thumbnail	"[{""id"":""DC"",""mime_type"":""application/octet-stream""},{""id"":""MODS"",""mime_type"":""text/xml""},{""id"":""PDF"",""mime_type"":""application/pdf""},{""id"":""RELS-EXT"",""mime_type"":""text/xml""},{""id"":""RELS-INT"",""mime_type"":""text/xml""},{""id"":""irMetadata"",""mime_type"":""application/octet-stream""},{""id"":""rightsMetadata"",""mime_type"":""application/octet-stream""},{""id"":""thumbnail"",""mime_type"":""image/jpeg""}]"	"{""datastream_details"":[{""id"":""DC"",""mime_type"":""application/octet-stream""},{""id"":""MODS"",""mime_type"":""text/xml""},{""id"":""PDF"",""mime_type"":""application/pdf""},{""id"":""RELS-EXT"",""mime_type"":""text/xml""},{""id"":""RELS-INT"",""mime_type"":""text/xml""},{""id"":""irMetadata"",""mime_type"":""application/octet-stream""},{""id"":""rightsMetadata"",""mime_type"":""application/octet-stream""},{""id"":""thumbnail"",""mime_type"":""image/jpeg""}],""datastream_ids"":[""DC"",""MODS"",""PDF"",""RELS-EXT"",""RELS-INT"",""irMetadata"",""rightsMetadata"",""thumbnail""],""has_children"":false,""has_parent"":true,""is_ordered"":true,""object_type"":""pdf"",""typeOfResource"":""text""}"
pdf_object_definition_0ad4eed38562	0ad4eed38562	pdf object definition	Observed pdf object definition through public BDR API sampling.	1	bdr:3pwyfnk2	pdf	text_resources	False	False	False	MODS|PDF|RELS-EXT|RELS-INT|irMetadata|rightsMetadata	"[{""id"":""MODS"",""mime_type"":""text/xml""},{""id"":""PDF"",""mime_type"":""application/pdf""},{""id"":""RELS-EXT"",""mime_type"":""text/xml""},{""id"":""RELS-INT"",""mime_type"":""text/xml""},{""id"":""irMetadata"",""mime_type"":""application/octet-stream""},{""id"":""rightsMetadata"",""mime_type"":""application/octet-stream""}]"	"{""datastream_details"":[{""id"":""MODS"",""mime_type"":""text/xml""},{""id"":""PDF"",""mime_type"":""application/pdf""},{""id"":""RELS-EXT"",""mime_type"":""text/xml""},{""id"":""RELS-INT"",""mime_type"":""text/xml""},{""id"":""irMetadata"",""mime_type"":""application/octet-stream""},{""id"":""rightsMetadata"",""mime_type"":""application/octet-stream""}],""datastream_ids"":[""MODS"",""PDF"",""RELS-EXT"",""RELS-INT"",""irMetadata"",""rightsMetadata""],""has_children"":false,""has_parent"":false,""is_ordered"":false,""object_type"":""pdf"",""typeOfResource"":""text_resources""}"
pdf_object_definition_1525415b0c82	1525415b0c82	pdf object definition	Observed pdf object definition through public BDR API sampling.	3	bdr:hyexwm47|bdr:47e3s9cn|bdr:4k4qz42b	pdf	conference_proceedings	True	False	True	MODS|PDF|RELS-EXT|RELS-INT|irMetadata|rightsMetadata|thumbnail	"[{""id"":""MODS"",""mime_type"":""text/xml""},{""id"":""PDF"",""mime_type"":""application/pdf""},{""id"":""RELS-EXT"",""mime_type"":""text/xml""},{""id"":""RELS-INT"",""mime_type"":""text/xml""},{""id"":""irMetadata"",""mime_type"":""application/octet-stream""},{""id"":""rightsMetadata"",""mime_type"":""application/octet-stream""},{""id"":""thumbnail"",""mime_type"":""image/jpeg""}]"	"{""datastream_details"":[{""id"":""MODS"",""mime_type"":""text/xml""},{""id"":""PDF"",""mime_type"":""application/pdf""},{""id"":""RELS-EXT"",""mime_type"":""text/xml""},{""id"":""RELS-INT"",""mime_type"":""text/xml""},{""id"":""irMetadata"",""mime_type"":""application/octet-stream""},{""id"":""rightsMetadata"",""mime_type"":""application/octet-stream""},{""id"":""thumbnail"",""mime_type"":""image/jpeg""}],""datastream_ids"":[""MODS"",""PDF"",""RELS-EXT"",""RELS-INT"",""irMetadata"",""rightsMetadata"",""thumbnail""],""has_children"":false,""has_parent"":true,""is_ordered"":true,""object_type"":""pdf"",""typeOfResource"":""conference_proceedings""}"
pdf_object_definition_1b807db0e989	1b807db0e989	pdf object definition	Observed pdf object definition through public BDR API sampling.	23	bdr:hbndrbkd|bdr:abdn9h3p|bdr:vk2xkg6w	pdf	text	True	False	True	MODS|PDF|RELS-EXT|RELS-INT|irMetadata|rightsMetadata|thumbnail	"[{""id"":""MODS"",""mime_type"":""text/xml""},{""id"":""PDF"",""mime_type"":""application/pdf""},{""id"":""RELS-EXT"",""mime_type"":""text/xml""},{""id"":""RELS-INT"",""mime_type"":""text/xml""},{""id"":""irMetadata"",""mime_type"":""application/octet-stream""},{""id"":""rightsMetadata"",""mime_type"":""application/octet-stream""},{""id"":""thumbnail"",""mime_type"":""image/jpeg""}]"	"{""datastream_details"":[{""id"":""MODS"",""mime_type"":""text/xml""},{""id"":""PDF"",""mime_type"":""application/pdf""},{""id"":""RELS-EXT"",""mime_type"":""text/xml""},{""id"":""RELS-INT"",""mime_type"":""text/xml""},{""id"":""irMetadata"",""mime_type"":""application/octet-stream""},{""id"":""rightsMetadata"",""mime_type"":""application/octet-stream""},{""id"":""thumbnail"",""mime_type"":""image/jpeg""}],""datastream_ids"":[""MODS"",""PDF"",""RELS-EXT"",""RELS-INT"",""irMetadata"",""rightsMetadata"",""thumbnail""],""has_children"":false,""has_parent"":true,""is_ordered"":true,""object_type"":""pdf"",""typeOfResource"":""text""}"
pdf_object_definition_1cfb7882432d	1cfb7882432d	pdf object definition	Observed pdf object definition through public BDR API sampling.	15	bdr:841230|bdr:841232|bdr:841231	pdf	text	True	False	True	DC|MODS|PDF|RELS-EXT|RELS-INT|irMetadata|rightsMetadata|thumbnail	"[{""id"":""DC"",""mime_type"":""application/octet-stream""},{""id"":""MODS"",""mime_type"":""text/xml""},{""id"":""PDF"",""mime_type"":""application/pdf""},{""id"":""RELS-EXT"",""mime_type"":""text/xml""},{""id"":""RELS-INT"",""mime_type"":""text/xml""},{""id"":""irMetadata"",""mime_type"":""application/octet-stream""},{""id"":""rightsMetadata"",""mime_type"":""application/octet-stream""},{""id"":""thumbnail"",""mime_type"":""application/octet-stream""}]"	"{""datastream_details"":[{""id"":""DC"",""mime_type"":""application/octet-stream""},{""id"":""MODS"",""mime_type"":""text/xml""},{""id"":""PDF"",""mime_type"":""application/pdf""},{""id"":""RELS-EXT"",""mime_type"":""text/xml""},{""id"":""RELS-INT"",""mime_type"":""text/xml""},{""id"":""irMetadata"",""mime_type"":""application/octet-stream""},{""id"":""rightsMetadata"",""mime_type"":""application/octet-stream""},{""id"":""thumbnail"",""mime_type"":""application/octet-stream""}],""datastream_ids"":[""DC"",""MODS"",""PDF"",""RELS-EXT"",""RELS-INT"",""irMetadata"",""rightsMetadata"",""thumbnail""],""has_children"":false,""has_parent"":true,""is_ordered"":true,""object_type"":""pdf"",""typeOfResource"":""text""}"
pdf_object_definition_1fdf4213ba8b	1fdf4213ba8b	pdf object definition	Observed pdf object definition through public BDR API sampling.	30	bdr:2bsqcvhu|bdr:2mbft26n|bdr:36kz74et	pdf	images	False	False	False	MODS|PDF|RELS-EXT|RELS-INT|irMetadata|rightsMetadata|thumbnail	"[{""id"":""MODS"",""mime_type"":""text/xml""},{""id"":""PDF"",""mime_type"":""application/pdf""},{""id"":""RELS-EXT"",""mime_type"":""text/xml""},{""id"":""RELS-INT"",""mime_type"":""text/xml""},{""id"":""irMetadata"",""mime_type"":""application/octet-stream""},{""id"":""rightsMetadata"",""mime_type"":""application/octet-stream""},{""id"":""thumbnail"",""mime_type"":""image/jpeg""}]"	"{""datastream_details"":[{""id"":""MODS"",""mime_type"":""text/xml""},{""id"":""PDF"",""mime_type"":""application/pdf""},{""id"":""RELS-EXT"",""mime_type"":""text/xml""},{""id"":""RELS-INT"",""mime_type"":""text/xml""},{""id"":""irMetadata"",""mime_type"":""application/octet-stream""},{""id"":""rightsMetadata"",""mime_type"":""application/octet-stream""},{""id"":""thumbnail"",""mime_type"":""image/jpeg""}],""datastream_ids"":[""MODS"",""PDF"",""RELS-EXT"",""RELS-INT"",""irMetadata"",""rightsMetadata"",""thumbnail""],""has_children"":false,""has_parent"":false,""is_ordered"":false,""object_type"":""pdf"",""typeOfResource"":""images""}"
pdf_object_definition_2078c8d781d6	2078c8d781d6	pdf object definition	Observed pdf object definition through public BDR API sampling.	1	bdr:7dmq3aws|bdr:5zhk8zdv	pdf	text	False	True	False	MODS|PDF|RELS-EXT|RELS-INT|irMetadata|rightsMetadata|thumbnail	"[{""id"":""MODS"",""mime_type"":""text/xml""},{""id"":""PDF"",""mime_type"":""application/pdf""},{""id"":""RELS-EXT"",""mime_type"":""text/xml""},{""id"":""RELS-INT"",""mime_type"":""text/xml""},{""id"":""irMetadata"",""mime_type"":""application/octet-stream""},{""id"":""rightsMetadata"",""mime_type"":""application/octet-stream""},{""id"":""thumbnail"",""mime_type"":""image/jpeg""}]"	"{""datastream_details"":[{""id"":""MODS"",""mime_type"":""text/xml""},{""id"":""PDF"",""mime_type"":""application/pdf""},{""id"":""RELS-EXT"",""mime_type"":""text/xml""},{""id"":""RELS-INT"",""mime_type"":""text/xml""},{""id"":""irMetadata"",""mime_type"":""application/octet-stream""},{""id"":""rightsMetadata"",""mime_type"":""application/octet-stream""},{""id"":""thumbnail"",""mime_type"":""image/jpeg""}],""datastream_ids"":[""MODS"",""PDF"",""RELS-EXT"",""RELS-INT"",""irMetadata"",""rightsMetadata"",""thumbnail""],""has_children"":true,""has_parent"":false,""is_ordered"":false,""object_type"":""pdf"",""typeOfResource"":""text""}"
pdf_object_definition_253faaf38481	253faaf38481	pdf object definition	Observed pdf object definition through public BDR API sampling.	2	bdr:5aqvzm4u|bdr:7qqduwqa	pdf	text	False	False	False	MODS|PDF|RELS-EXT|RELS-INT|irMetadata|rightsMetadata|thumbnail	"[{""id"":""MODS"",""mime_type"":""text/xml""},{""id"":""PDF"",""mime_type"":""application/pdf""},{""id"":""RELS-EXT"",""mime_type"":""text/xml""},{""id"":""RELS-INT"",""mime_type"":""text/xml""},{""id"":""irMetadata"",""mime_type"":""application/octet-stream""},{""id"":""rightsMetadata"",""mime_type"":""application/octet-stream""},{""id"":""thumbnail"",""mime_type"":""image/jpeg""}]"	"{""datastream_details"":[{""id"":""MODS"",""mime_type"":""text/xml""},{""id"":""PDF"",""mime_type"":""application/pdf""},{""id"":""RELS-EXT"",""mime_type"":""text/xml""},{""id"":""RELS-INT"",""mime_type"":""text/xml""},{""id"":""irMetadata"",""mime_type"":""application/octet-stream""},{""id"":""rightsMetadata"",""mime_type"":""application/octet-stream""},{""id"":""thumbnail"",""mime_type"":""image/jpeg""}],""datastream_ids"":[""MODS"",""PDF"",""RELS-EXT"",""RELS-INT"",""irMetadata"",""rightsMetadata"",""thumbnail""],""has_children"":false,""has_parent"":false,""is_ordered"":false,""object_type"":""pdf"",""typeOfResource"":""text""}"
pdf_object_definition_3e1f46eaab03	3e1f46eaab03	pdf object definition	Observed pdf object definition through public BDR API sampling.	77	bdr:s25vu69v|bdr:t7u64nwf|bdr:86es2jcd	pdf	articles	True	False	True	MODS|PDF|RELS-EXT|RELS-INT|irMetadata|rightsMetadata|thumbnail	"[{""id"":""MODS"",""mime_type"":""text/xml""},{""id"":""PDF"",""mime_type"":""application/pdf""},{""id"":""RELS-EXT"",""mime_type"":""text/xml""},{""id"":""RELS-INT"",""mime_type"":""text/xml""},{""id"":""irMetadata"",""mime_type"":""application/octet-stream""},{""id"":""rightsMetadata"",""mime_type"":""application/octet-stream""},{""id"":""thumbnail"",""mime_type"":""image/jpeg""}]"	"{""datastream_details"":[{""id"":""MODS"",""mime_type"":""text/xml""},{""id"":""PDF"",""mime_type"":""application/pdf""},{""id"":""RELS-EXT"",""mime_type"":""text/xml""},{""id"":""RELS-INT"",""mime_type"":""text/xml""},{""id"":""irMetadata"",""mime_type"":""application/octet-stream""},{""id"":""rightsMetadata"",""mime_type"":""application/octet-stream""},{""id"":""thumbnail"",""mime_type"":""image/jpeg""}],""datastream_ids"":[""MODS"",""PDF"",""RELS-EXT"",""RELS-INT"",""irMetadata"",""rightsMetadata"",""thumbnail""],""has_children"":false,""has_parent"":true,""is_ordered"":true,""object_type"":""pdf"",""typeOfResource"":""articles""}"
pdf_object_definition_4975f3ef55de	4975f3ef55de	pdf object definition	Observed pdf object definition through public BDR API sampling.	2	bdr:1104417|bdr:1113163	pdf	still image	False	False	False	DC|MODS|PDF|RELS-EXT|RELS-INT|irMetadata|rightsMetadata	"[{""id"":""DC"",""mime_type"":""application/octet-stream""},{""id"":""MODS"",""mime_type"":""text/xml""},{""id"":""PDF"",""mime_type"":""application/pdf""},{""id"":""RELS-EXT"",""mime_type"":""text/xml""},{""id"":""RELS-INT"",""mime_type"":""text/xml""},{""id"":""irMetadata"",""mime_type"":""application/octet-stream""},{""id"":""rightsMetadata"",""mime_type"":""application/octet-stream""}]"	"{""datastream_details"":[{""id"":""DC"",""mime_type"":""application/octet-stream""},{""id"":""MODS"",""mime_type"":""text/xml""},{""id"":""PDF"",""mime_type"":""application/pdf""},{""id"":""RELS-EXT"",""mime_type"":""text/xml""},{""id"":""RELS-INT"",""mime_type"":""text/xml""},{""id"":""irMetadata"",""mime_type"":""application/octet-stream""},{""id"":""rightsMetadata"",""mime_type"":""application/octet-stream""}],""datastream_ids"":[""DC"",""MODS"",""PDF"",""RELS-EXT"",""RELS-INT"",""irMetadata"",""rightsMetadata""],""has_children"":false,""has_parent"":false,""is_ordered"":false,""object_type"":""pdf"",""typeOfResource"":""still image""}"
pdf_object_definition_5232a987c084	5232a987c084	pdf object definition	Observed pdf object definition through public BDR API sampling.	17	bdr:788209|bdr:788210|bdr:788211	pdf	text	False	False	False	DC|MODS|PDF|RELS-EXT|RELS-INT|irMetadata|rightsMetadata|thumbnail	"[{""id"":""DC"",""mime_type"":""application/octet-stream""},{""id"":""MODS"",""mime_type"":""text/xml""},{""id"":""PDF"",""mime_type"":""application/pdf""},{""id"":""RELS-EXT"",""mime_type"":""text/xml""},{""id"":""RELS-INT"",""mime_type"":""text/xml""},{""id"":""irMetadata"",""mime_type"":""application/octet-stream""},{""id"":""rightsMetadata"",""mime_type"":""application/octet-stream""},{""id"":""thumbnail"",""mime_type"":""application/octet-stream""}]"	"{""datastream_details"":[{""id"":""DC"",""mime_type"":""application/octet-stream""},{""id"":""MODS"",""mime_type"":""text/xml""},{""id"":""PDF"",""mime_type"":""application/pdf""},{""id"":""RELS-EXT"",""mime_type"":""text/xml""},{""id"":""RELS-INT"",""mime_type"":""text/xml""},{""id"":""irMetadata"",""mime_type"":""application/octet-stream""},{""id"":""rightsMetadata"",""mime_type"":""application/octet-stream""},{""id"":""thumbnail"",""mime_type"":""application/octet-stream""}],""datastream_ids"":[""DC"",""MODS"",""PDF"",""RELS-EXT"",""RELS-INT"",""irMetadata"",""rightsMetadata"",""thumbnail""],""has_children"":false,""has_parent"":false,""is_ordered"":false,""object_type"":""pdf"",""typeOfResource"":""text""}"
pdf_object_definition_5f8b75a0b1f9	5f8b75a0b1f9	pdf object definition	Observed pdf object definition through public BDR API sampling.	5	bdr:1104418|bdr:1104419|bdr:1105014	pdf	text	False	False	False	DC|MODS|PDF|RELS-EXT|RELS-INT|irMetadata|rightsMetadata|thumbnail	"[{""id"":""DC"",""mime_type"":""application/octet-stream""},{""id"":""MODS"",""mime_type"":""text/xml""},{""id"":""PDF"",""mime_type"":""application/pdf""},{""id"":""RELS-EXT"",""mime_type"":""text/xml""},{""id"":""RELS-INT"",""mime_type"":""text/xml""},{""id"":""irMetadata"",""mime_type"":""application/octet-stream""},{""id"":""rightsMetadata"",""mime_type"":""application/octet-stream""},{""id"":""thumbnail"",""mime_type"":""image/jpeg""}]"	"{""datastream_details"":[{""id"":""DC"",""mime_type"":""application/octet-stream""},{""id"":""MODS"",""mime_type"":""text/xml""},{""id"":""PDF"",""mime_type"":""application/pdf""},{""id"":""RELS-EXT"",""mime_type"":""text/xml""},{""id"":""RELS-INT"",""mime_type"":""text/xml""},{""id"":""irMetadata"",""mime_type"":""application/octet-stream""},{""id"":""rightsMetadata"",""mime_type"":""application/octet-stream""},{""id"":""thumbnail"",""mime_type"":""image/jpeg""}],""datastream_ids"":[""DC"",""MODS"",""PDF"",""RELS-EXT"",""RELS-INT"",""irMetadata"",""rightsMetadata"",""thumbnail""],""has_children"":false,""has_parent"":false,""is_ordered"":false,""object_type"":""pdf"",""typeOfResource"":""text""}"
pdf_object_definition_7136f2a55834	7136f2a55834	pdf object definition	Observed pdf object definition through public BDR API sampling.	5	bdr:2qxpg6tg|bdr:4ew6xmmd|bdr:5d69bd6n	pdf	still image	False	False	False	MODS|PDF|RELS-EXT|RELS-INT|irMetadata|rightsMetadata|thumbnail	"[{""id"":""MODS"",""mime_type"":""text/xml""},{""id"":""PDF"",""mime_type"":""application/pdf""},{""id"":""RELS-EXT"",""mime_type"":""text/xml""},{""id"":""RELS-INT"",""mime_type"":""text/xml""},{""id"":""irMetadata"",""mime_type"":""application/octet-stream""},{""id"":""rightsMetadata"",""mime_type"":""application/octet-stream""},{""id"":""thumbnail"",""mime_type"":""image/jpeg""}]"	"{""datastream_details"":[{""id"":""MODS"",""mime_type"":""text/xml""},{""id"":""PDF"",""mime_type"":""application/pdf""},{""id"":""RELS-EXT"",""mime_type"":""text/xml""},{""id"":""RELS-INT"",""mime_type"":""text/xml""},{""id"":""irMetadata"",""mime_type"":""application/octet-stream""},{""id"":""rightsMetadata"",""mime_type"":""application/octet-stream""},{""id"":""thumbnail"",""mime_type"":""image/jpeg""}],""datastream_ids"":[""MODS"",""PDF"",""RELS-EXT"",""RELS-INT"",""irMetadata"",""rightsMetadata"",""thumbnail""],""has_children"":false,""has_parent"":false,""is_ordered"":false,""object_type"":""pdf"",""typeOfResource"":""still image""}"
pdf_object_definition_72e671a286f1	72e671a286f1	pdf object definition	Observed pdf object definition through public BDR API sampling.	39	bdr:z4yyvvnm|bdr:8agx9bp9|bdr:dzrpgybd	pdf	text_resources	True	False	True	MODS|PDF|RELS-EXT|RELS-INT|irMetadata|rightsMetadata|thumbnail	"[{""id"":""MODS"",""mime_type"":""text/xml""},{""id"":""PDF"",""mime_type"":""application/pdf""},{""id"":""RELS-EXT"",""mime_type"":""text/xml""},{""id"":""RELS-INT"",""mime_type"":""text/xml""},{""id"":""irMetadata"",""mime_type"":""application/octet-stream""},{""id"":""rightsMetadata"",""mime_type"":""application/octet-stream""},{""id"":""thumbnail"",""mime_type"":""image/jpeg""}]"	"{""datastream_details"":[{""id"":""MODS"",""mime_type"":""text/xml""},{""id"":""PDF"",""mime_type"":""application/pdf""},{""id"":""RELS-EXT"",""mime_type"":""text/xml""},{""id"":""RELS-INT"",""mime_type"":""text/xml""},{""id"":""irMetadata"",""mime_type"":""application/octet-stream""},{""id"":""rightsMetadata"",""mime_type"":""application/octet-stream""},{""id"":""thumbnail"",""mime_type"":""image/jpeg""}],""datastream_ids"":[""MODS"",""PDF"",""RELS-EXT"",""RELS-INT"",""irMetadata"",""rightsMetadata"",""thumbnail""],""has_children"":false,""has_parent"":true,""is_ordered"":true,""object_type"":""pdf"",""typeOfResource"":""text_resources""}"
pdf_object_definition_7ecb310f6c59	7ecb310f6c59	pdf object definition	Observed pdf object definition through public BDR API sampling.	1	bdr:1135578	pdf	software, multimedia	False	False	False	DC|MODS|PDF|RELS-EXT|RELS-INT|irMetadata|rightsMetadata|thumbnail	"[{""id"":""DC"",""mime_type"":""application/octet-stream""},{""id"":""MODS"",""mime_type"":""text/xml""},{""id"":""PDF"",""mime_type"":""application/pdf""},{""id"":""RELS-EXT"",""mime_type"":""text/xml""},{""id"":""RELS-INT"",""mime_type"":""text/xml""},{""id"":""irMetadata"",""mime_type"":""application/octet-stream""},{""id"":""rightsMetadata"",""mime_type"":""application/octet-stream""},{""id"":""thumbnail"",""mime_type"":""image/jpeg""}]"	"{""datastream_details"":[{""id"":""DC"",""mime_type"":""application/octet-stream""},{""id"":""MODS"",""mime_type"":""text/xml""},{""id"":""PDF"",""mime_type"":""application/pdf""},{""id"":""RELS-EXT"",""mime_type"":""text/xml""},{""id"":""RELS-INT"",""mime_type"":""text/xml""},{""id"":""irMetadata"",""mime_type"":""application/octet-stream""},{""id"":""rightsMetadata"",""mime_type"":""application/octet-stream""},{""id"":""thumbnail"",""mime_type"":""image/jpeg""}],""datastream_ids"":[""DC"",""MODS"",""PDF"",""RELS-EXT"",""RELS-INT"",""irMetadata"",""rightsMetadata"",""thumbnail""],""has_children"":false,""has_parent"":false,""is_ordered"":false,""object_type"":""pdf"",""typeOfResource"":""software, multimedia""}"
pdf_object_definition_8f8604945b7a	8f8604945b7a	pdf object definition	Observed pdf object definition through public BDR API sampling.	1	bdr:1093305	pdf	software, multimedia	False	True	False	DC|MODS|PDF|RELS-EXT|RELS-INT|irMetadata|rightsMetadata	"[{""id"":""DC"",""mime_type"":""application/octet-stream""},{""id"":""MODS"",""mime_type"":""text/xml""},{""id"":""PDF"",""mime_type"":""application/pdf""},{""id"":""RELS-EXT"",""mime_type"":""text/xml""},{""id"":""RELS-INT"",""mime_type"":""text/xml""},{""id"":""irMetadata"",""mime_type"":""application/octet-stream""},{""id"":""rightsMetadata"",""mime_type"":""application/octet-stream""}]"	"{""datastream_details"":[{""id"":""DC"",""mime_type"":""application/octet-stream""},{""id"":""MODS"",""mime_type"":""text/xml""},{""id"":""PDF"",""mime_type"":""application/pdf""},{""id"":""RELS-EXT"",""mime_type"":""text/xml""},{""id"":""RELS-INT"",""mime_type"":""text/xml""},{""id"":""irMetadata"",""mime_type"":""application/octet-stream""},{""id"":""rightsMetadata"",""mime_type"":""application/octet-stream""}],""datastream_ids"":[""DC"",""MODS"",""PDF"",""RELS-EXT"",""RELS-INT"",""irMetadata"",""rightsMetadata""],""has_children"":true,""has_parent"":false,""is_ordered"":false,""object_type"":""pdf"",""typeOfResource"":""software, multimedia""}"
pdf_object_definition_97c75b5bd011	97c75b5bd011	pdf object definition	Observed pdf object definition through public BDR API sampling.	1	bdr:788219	pdf	text	False	False	False	DC|MODS|PDF|RELS-EXT|RELS-INT|irMetadata|rightsMetadata	"[{""id"":""DC"",""mime_type"":""application/octet-stream""},{""id"":""MODS"",""mime_type"":""text/xml""},{""id"":""PDF"",""mime_type"":""application/pdf""},{""id"":""RELS-EXT"",""mime_type"":""text/xml""},{""id"":""RELS-INT"",""mime_type"":""text/xml""},{""id"":""irMetadata"",""mime_type"":""application/octet-stream""},{""id"":""rightsMetadata"",""mime_type"":""application/octet-stream""}]"	"{""datastream_details"":[{""id"":""DC"",""mime_type"":""application/octet-stream""},{""id"":""MODS"",""mime_type"":""text/xml""},{""id"":""PDF"",""mime_type"":""application/pdf""},{""id"":""RELS-EXT"",""mime_type"":""text/xml""},{""id"":""RELS-INT"",""mime_type"":""text/xml""},{""id"":""irMetadata"",""mime_type"":""application/octet-stream""},{""id"":""rightsMetadata"",""mime_type"":""application/octet-stream""}],""datastream_ids"":[""DC"",""MODS"",""PDF"",""RELS-EXT"",""RELS-INT"",""irMetadata"",""rightsMetadata""],""has_children"":false,""has_parent"":false,""is_ordered"":false,""object_type"":""pdf"",""typeOfResource"":""text""}"
pdf_object_definition_9a15f14b2c5f	9a15f14b2c5f	pdf object definition	Observed pdf object definition through public BDR API sampling.	8	bdr:mxc624ck|bdr:g7mm7ny2|bdr:wn53g272	pdf	reviews	True	False	True	MODS|PDF|RELS-EXT|RELS-INT|irMetadata|rightsMetadata|thumbnail	"[{""id"":""MODS"",""mime_type"":""text/xml""},{""id"":""PDF"",""mime_type"":""application/pdf""},{""id"":""RELS-EXT"",""mime_type"":""text/xml""},{""id"":""RELS-INT"",""mime_type"":""text/xml""},{""id"":""irMetadata"",""mime_type"":""application/octet-stream""},{""id"":""rightsMetadata"",""mime_type"":""application/octet-stream""},{""id"":""thumbnail"",""mime_type"":""image/jpeg""}]"	"{""datastream_details"":[{""id"":""MODS"",""mime_type"":""text/xml""},{""id"":""PDF"",""mime_type"":""application/pdf""},{""id"":""RELS-EXT"",""mime_type"":""text/xml""},{""id"":""RELS-INT"",""mime_type"":""text/xml""},{""id"":""irMetadata"",""mime_type"":""application/octet-stream""},{""id"":""rightsMetadata"",""mime_type"":""application/octet-stream""},{""id"":""thumbnail"",""mime_type"":""image/jpeg""}],""datastream_ids"":[""MODS"",""PDF"",""RELS-EXT"",""RELS-INT"",""irMetadata"",""rightsMetadata"",""thumbnail""],""has_children"":false,""has_parent"":true,""is_ordered"":true,""object_type"":""pdf"",""typeOfResource"":""reviews""}"
pdf_object_definition_9f680298bedf	9f680298bedf	pdf object definition	Observed pdf object definition through public BDR API sampling.	1	bdr:841229	pdf	text	False	True	False	DC|MODS|PDF|RELS-EXT|RELS-INT|irMetadata|rightsMetadata|thumbnail	"[{""id"":""DC"",""mime_type"":""application/octet-stream""},{""id"":""MODS"",""mime_type"":""text/xml""},{""id"":""PDF"",""mime_type"":""application/pdf""},{""id"":""RELS-EXT"",""mime_type"":""text/xml""},{""id"":""RELS-INT"",""mime_type"":""text/xml""},{""id"":""irMetadata"",""mime_type"":""application/octet-stream""},{""id"":""rightsMetadata"",""mime_type"":""application/octet-stream""},{""id"":""thumbnail"",""mime_type"":""application/octet-stream""}]"	"{""datastream_details"":[{""id"":""DC"",""mime_type"":""application/octet-stream""},{""id"":""MODS"",""mime_type"":""text/xml""},{""id"":""PDF"",""mime_type"":""application/pdf""},{""id"":""RELS-EXT"",""mime_type"":""text/xml""},{""id"":""RELS-INT"",""mime_type"":""text/xml""},{""id"":""irMetadata"",""mime_type"":""application/octet-stream""},{""id"":""rightsMetadata"",""mime_type"":""application/octet-stream""},{""id"":""thumbnail"",""mime_type"":""application/octet-stream""}],""datastream_ids"":[""DC"",""MODS"",""PDF"",""RELS-EXT"",""RELS-INT"",""irMetadata"",""rightsMetadata"",""thumbnail""],""has_children"":true,""has_parent"":false,""is_ordered"":false,""object_type"":""pdf"",""typeOfResource"":""text""}"
pdf_object_definition_a535f5623fc1	a535f5623fc1	pdf object definition	Observed pdf object definition through public BDR API sampling.	3	bdr:9b3n95rk|bdr:q88bnza3|bdr:7bf26s5q	pdf	other	True	False	True	MODS|PDF|RELS-EXT|RELS-INT|irMetadata|rightsMetadata|thumbnail	"[{""id"":""MODS"",""mime_type"":""text/xml""},{""id"":""PDF"",""mime_type"":""application/pdf""},{""id"":""RELS-EXT"",""mime_type"":""text/xml""},{""id"":""RELS-INT"",""mime_type"":""text/xml""},{""id"":""irMetadata"",""mime_type"":""application/octet-stream""},{""id"":""rightsMetadata"",""mime_type"":""application/octet-stream""},{""id"":""thumbnail"",""mime_type"":""image/jpeg""}]"	"{""datastream_details"":[{""id"":""MODS"",""mime_type"":""text/xml""},{""id"":""PDF"",""mime_type"":""application/pdf""},{""id"":""RELS-EXT"",""mime_type"":""text/xml""},{""id"":""RELS-INT"",""mime_type"":""text/xml""},{""id"":""irMetadata"",""mime_type"":""application/octet-stream""},{""id"":""rightsMetadata"",""mime_type"":""application/octet-stream""},{""id"":""thumbnail"",""mime_type"":""image/jpeg""}],""datastream_ids"":[""MODS"",""PDF"",""RELS-EXT"",""RELS-INT"",""irMetadata"",""rightsMetadata"",""thumbnail""],""has_children"":false,""has_parent"":true,""is_ordered"":true,""object_type"":""pdf"",""typeOfResource"":""other""}"
pdf_object_definition_aa7126c65f82	aa7126c65f82	pdf object definition	Observed pdf object definition through public BDR API sampling.	2	bdr:1102287|bdr:1148124	pdf	text	False	True	False	DC|MODS|PDF|RELS-EXT|RELS-INT|irMetadata|rightsMetadata|thumbnail	"[{""id"":""DC"",""mime_type"":""application/octet-stream""},{""id"":""MODS"",""mime_type"":""text/xml""},{""id"":""PDF"",""mime_type"":""application/pdf""},{""id"":""RELS-EXT"",""mime_type"":""text/xml""},{""id"":""RELS-INT"",""mime_type"":""text/xml""},{""id"":""irMetadata"",""mime_type"":""application/octet-stream""},{""id"":""rightsMetadata"",""mime_type"":""application/octet-stream""},{""id"":""thumbnail"",""mime_type"":""image/jpeg""}]"	"{""datastream_details"":[{""id"":""DC"",""mime_type"":""application/octet-stream""},{""id"":""MODS"",""mime_type"":""text/xml""},{""id"":""PDF"",""mime_type"":""application/pdf""},{""id"":""RELS-EXT"",""mime_type"":""text/xml""},{""id"":""RELS-INT"",""mime_type"":""text/xml""},{""id"":""irMetadata"",""mime_type"":""application/octet-stream""},{""id"":""rightsMetadata"",""mime_type"":""application/octet-stream""},{""id"":""thumbnail"",""mime_type"":""image/jpeg""}],""datastream_ids"":[""DC"",""MODS"",""PDF"",""RELS-EXT"",""RELS-INT"",""irMetadata"",""rightsMetadata"",""thumbnail""],""has_children"":true,""has_parent"":false,""is_ordered"":false,""object_type"":""pdf"",""typeOfResource"":""text""}"
pdf_object_definition_adc9349f79b2	adc9349f79b2	pdf object definition	Observed pdf object definition through public BDR API sampling.	7	bdr:7np8t6fv|bdr:8uzgwtdv|bdr:bqre5qf6	pdf	journals	False	True	False	MODS|PDF|RELS-EXT|RELS-INT|irMetadata|rightsMetadata|thumbnail	"[{""id"":""MODS"",""mime_type"":""text/xml""},{""id"":""PDF"",""mime_type"":""application/pdf""},{""id"":""RELS-EXT"",""mime_type"":""text/xml""},{""id"":""RELS-INT"",""mime_type"":""text/xml""},{""id"":""irMetadata"",""mime_type"":""application/octet-stream""},{""id"":""rightsMetadata"",""mime_type"":""application/octet-stream""},{""id"":""thumbnail"",""mime_type"":""image/jpeg""}]"	"{""datastream_details"":[{""id"":""MODS"",""mime_type"":""text/xml""},{""id"":""PDF"",""mime_type"":""application/pdf""},{""id"":""RELS-EXT"",""mime_type"":""text/xml""},{""id"":""RELS-INT"",""mime_type"":""text/xml""},{""id"":""irMetadata"",""mime_type"":""application/octet-stream""},{""id"":""rightsMetadata"",""mime_type"":""application/octet-stream""},{""id"":""thumbnail"",""mime_type"":""image/jpeg""}],""datastream_ids"":[""MODS"",""PDF"",""RELS-EXT"",""RELS-INT"",""irMetadata"",""rightsMetadata"",""thumbnail""],""has_children"":true,""has_parent"":false,""is_ordered"":false,""object_type"":""pdf"",""typeOfResource"":""journals""}"
pdf_object_definition_aed9d2583689	aed9d2583689	pdf object definition	Observed pdf object definition through public BDR API sampling.	21	bdr:1104403|bdr:1104404|bdr:1104406	pdf	still image	False	False	False	DC|MODS|PDF|RELS-EXT|RELS-INT|irMetadata|rightsMetadata|thumbnail	"[{""id"":""DC"",""mime_type"":""application/octet-stream""},{""id"":""MODS"",""mime_type"":""text/xml""},{""id"":""PDF"",""mime_type"":""application/pdf""},{""id"":""RELS-EXT"",""mime_type"":""text/xml""},{""id"":""RELS-INT"",""mime_type"":""text/xml""},{""id"":""irMetadata"",""mime_type"":""application/octet-stream""},{""id"":""rightsMetadata"",""mime_type"":""application/octet-stream""},{""id"":""thumbnail"",""mime_type"":""image/jpeg""}]"	"{""datastream_details"":[{""id"":""DC"",""mime_type"":""application/octet-stream""},{""id"":""MODS"",""mime_type"":""text/xml""},{""id"":""PDF"",""mime_type"":""application/pdf""},{""id"":""RELS-EXT"",""mime_type"":""text/xml""},{""id"":""RELS-INT"",""mime_type"":""text/xml""},{""id"":""irMetadata"",""mime_type"":""application/octet-stream""},{""id"":""rightsMetadata"",""mime_type"":""application/octet-stream""},{""id"":""thumbnail"",""mime_type"":""image/jpeg""}],""datastream_ids"":[""DC"",""MODS"",""PDF"",""RELS-EXT"",""RELS-INT"",""irMetadata"",""rightsMetadata"",""thumbnail""],""has_children"":false,""has_parent"":false,""is_ordered"":false,""object_type"":""pdf"",""typeOfResource"":""still image""}"
pdf_object_definition_da1656bbcc87	da1656bbcc87	pdf object definition	Observed pdf object definition through public BDR API sampling.	1	bdr:6tahqp43	pdf	images	False	False	False	MODS|PDF|RELS-EXT|RELS-INT|irMetadata|rightsMetadata	"[{""id"":""MODS"",""mime_type"":""text/xml""},{""id"":""PDF"",""mime_type"":""application/pdf""},{""id"":""RELS-EXT"",""mime_type"":""text/xml""},{""id"":""RELS-INT"",""mime_type"":""text/xml""},{""id"":""irMetadata"",""mime_type"":""application/octet-stream""},{""id"":""rightsMetadata"",""mime_type"":""application/octet-stream""}]"	"{""datastream_details"":[{""id"":""MODS"",""mime_type"":""text/xml""},{""id"":""PDF"",""mime_type"":""application/pdf""},{""id"":""RELS-EXT"",""mime_type"":""text/xml""},{""id"":""RELS-INT"",""mime_type"":""text/xml""},{""id"":""irMetadata"",""mime_type"":""application/octet-stream""},{""id"":""rightsMetadata"",""mime_type"":""application/octet-stream""}],""datastream_ids"":[""MODS"",""PDF"",""RELS-EXT"",""RELS-INT"",""irMetadata"",""rightsMetadata""],""has_children"":false,""has_parent"":false,""is_ordered"":false,""object_type"":""pdf"",""typeOfResource"":""images""}"
pdf_object_definition_ef1791260418	ef1791260418	pdf object definition	Observed pdf object definition through public BDR API sampling.	6	bdr:mfw5sgs4|bdr:7sbvr992|bdr:wa8bw44u	pdf	journals	True	False	True	MODS|PDF|RELS-EXT|RELS-INT|irMetadata|rightsMetadata|thumbnail	"[{""id"":""MODS"",""mime_type"":""text/xml""},{""id"":""PDF"",""mime_type"":""application/pdf""},{""id"":""RELS-EXT"",""mime_type"":""text/xml""},{""id"":""RELS-INT"",""mime_type"":""text/xml""},{""id"":""irMetadata"",""mime_type"":""application/octet-stream""},{""id"":""rightsMetadata"",""mime_type"":""application/octet-stream""},{""id"":""thumbnail"",""mime_type"":""image/jpeg""}]"	"{""datastream_details"":[{""id"":""MODS"",""mime_type"":""text/xml""},{""id"":""PDF"",""mime_type"":""application/pdf""},{""id"":""RELS-EXT"",""mime_type"":""text/xml""},{""id"":""RELS-INT"",""mime_type"":""text/xml""},{""id"":""irMetadata"",""mime_type"":""application/octet-stream""},{""id"":""rightsMetadata"",""mime_type"":""application/octet-stream""},{""id"":""thumbnail"",""mime_type"":""image/jpeg""}],""datastream_ids"":[""MODS"",""PDF"",""RELS-EXT"",""RELS-INT"",""irMetadata"",""rightsMetadata"",""thumbnail""],""has_children"":false,""has_parent"":true,""is_ordered"":true,""object_type"":""pdf"",""typeOfResource"":""journals""}"
pdf_object_definition_fd7e94008b04	fd7e94008b04	pdf object definition	Observed pdf object definition through public BDR API sampling.	1	bdr:863sxpmh	pdf	articles	False	True	False	MODS|PDF|RELS-EXT|RELS-INT|irMetadata|rightsMetadata	"[{""id"":""MODS"",""mime_type"":""text/xml""},{""id"":""PDF"",""mime_type"":""application/pdf""},{""id"":""RELS-EXT"",""mime_type"":""text/xml""},{""id"":""RELS-INT"",""mime_type"":""text/xml""},{""id"":""irMetadata"",""mime_type"":""application/octet-stream""},{""id"":""rightsMetadata"",""mime_type"":""application/octet-stream""}]"	"{""datastream_details"":[{""id"":""MODS"",""mime_type"":""text/xml""},{""id"":""PDF"",""mime_type"":""application/pdf""},{""id"":""RELS-EXT"",""mime_type"":""text/xml""},{""id"":""RELS-INT"",""mime_type"":""text/xml""},{""id"":""irMetadata"",""mime_type"":""application/octet-stream""},{""id"":""rightsMetadata"",""mime_type"":""application/octet-stream""}],""datastream_ids"":[""MODS"",""PDF"",""RELS-EXT"",""RELS-INT"",""irMetadata"",""rightsMetadata""],""has_children"":true,""has_parent"":false,""is_ordered"":false,""object_type"":""pdf"",""typeOfResource"":""articles""}"
tar_object_definition_68cb22a2e814	68cb22a2e814	tar object definition	Observed tar object definition through public BDR API sampling.	1	bdr:1082415	tar	software, multimedia	False	True	False	DC|MODS|RELS-EXT|RELS-INT|TAR|irMetadata|rightsMetadata	"[{""id"":""DC"",""mime_type"":""application/octet-stream""},{""id"":""MODS"",""mime_type"":""text/xml""},{""id"":""RELS-EXT"",""mime_type"":""text/xml""},{""id"":""RELS-INT"",""mime_type"":""text/xml""},{""id"":""TAR"",""mime_type"":""application/x-tar""},{""id"":""irMetadata"",""mime_type"":""application/octet-stream""},{""id"":""rightsMetadata"",""mime_type"":""application/octet-stream""}]"	"{""datastream_details"":[{""id"":""DC"",""mime_type"":""application/octet-stream""},{""id"":""MODS"",""mime_type"":""text/xml""},{""id"":""RELS-EXT"",""mime_type"":""text/xml""},{""id"":""RELS-INT"",""mime_type"":""text/xml""},{""id"":""TAR"",""mime_type"":""application/x-tar""},{""id"":""irMetadata"",""mime_type"":""application/octet-stream""},{""id"":""rightsMetadata"",""mime_type"":""application/octet-stream""}],""datastream_ids"":[""DC"",""MODS"",""RELS-EXT"",""RELS-INT"",""TAR"",""irMetadata"",""rightsMetadata""],""has_children"":true,""has_parent"":false,""is_ordered"":false,""object_type"":""tar"",""typeOfResource"":""software, multimedia""}"
undetermined_object_definition_14bc4801e7dd	14bc4801e7dd	undetermined object definition	Observed undetermined object definition through public BDR API sampling.	1	bdr:1054581	undetermined	mixed material	False	True	False	DC|MODS|RELS-EXT|RELS-INT|irMetadata|rightsMetadata	"[{""id"":""DC"",""mime_type"":""application/octet-stream""},{""id"":""MODS"",""mime_type"":""text/xml""},{""id"":""RELS-EXT"",""mime_type"":""text/xml""},{""id"":""RELS-INT"",""mime_type"":""text/xml""},{""id"":""irMetadata"",""mime_type"":""application/octet-stream""},{""id"":""rightsMetadata"",""mime_type"":""application/octet-stream""}]"	"{""datastream_details"":[{""id"":""DC"",""mime_type"":""application/octet-stream""},{""id"":""MODS"",""mime_type"":""text/xml""},{""id"":""RELS-EXT"",""mime_type"":""text/xml""},{""id"":""RELS-INT"",""mime_type"":""text/xml""},{""id"":""irMetadata"",""mime_type"":""application/octet-stream""},{""id"":""rightsMetadata"",""mime_type"":""application/octet-stream""}],""datastream_ids"":[""DC"",""MODS"",""RELS-EXT"",""RELS-INT"",""irMetadata"",""rightsMetadata""],""has_children"":true,""has_parent"":false,""is_ordered"":false,""object_type"":""undetermined"",""typeOfResource"":""mixed material""}"
undetermined_object_definition_6e9712a017b5	6e9712a017b5	undetermined object definition	Observed undetermined object definition through public BDR API sampling.	2	bdr:1054717|bdr:1054744	undetermined	software, multimedia	True	False	True	DC|MODS|RELS-EXT|RELS-INT|irMetadata|rightsMetadata	"[{""id"":""DC"",""mime_type"":""application/octet-stream""},{""id"":""MODS"",""mime_type"":""text/xml""},{""id"":""RELS-EXT"",""mime_type"":""text/xml""},{""id"":""RELS-INT"",""mime_type"":""text/xml""},{""id"":""irMetadata"",""mime_type"":""application/octet-stream""},{""id"":""rightsMetadata"",""mime_type"":""application/octet-stream""}]"	"{""datastream_details"":[{""id"":""DC"",""mime_type"":""application/octet-stream""},{""id"":""MODS"",""mime_type"":""text/xml""},{""id"":""RELS-EXT"",""mime_type"":""text/xml""},{""id"":""RELS-INT"",""mime_type"":""text/xml""},{""id"":""irMetadata"",""mime_type"":""application/octet-stream""},{""id"":""rightsMetadata"",""mime_type"":""application/octet-stream""}],""datastream_ids"":[""DC"",""MODS"",""RELS-EXT"",""RELS-INT"",""irMetadata"",""rightsMetadata""],""has_children"":false,""has_parent"":true,""is_ordered"":true,""object_type"":""undetermined"",""typeOfResource"":""software, multimedia""}"
video_object_definition_644c74033009	644c74033009	video object definition	Observed video object definition through public BDR API sampling.	2	bdr:1128451|bdr:1147336	video	moving image	False	False	False	DC|MODS|RELS-EXT|RELS-INT|VIDEO-MASTER|irMetadata|rightsMetadata	"[{""id"":""DC"",""mime_type"":""application/octet-stream""},{""id"":""MODS"",""mime_type"":""text/xml""},{""id"":""RELS-EXT"",""mime_type"":""text/xml""},{""id"":""RELS-INT"",""mime_type"":""text/xml""},{""id"":""VIDEO-MASTER"",""mime_type"":""video/mp4""},{""id"":""irMetadata"",""mime_type"":""application/octet-stream""},{""id"":""rightsMetadata"",""mime_type"":""application/octet-stream""}]"	"{""datastream_details"":[{""id"":""DC"",""mime_type"":""application/octet-stream""},{""id"":""MODS"",""mime_type"":""text/xml""},{""id"":""RELS-EXT"",""mime_type"":""text/xml""},{""id"":""RELS-INT"",""mime_type"":""text/xml""},{""id"":""VIDEO-MASTER"",""mime_type"":""video/mp4""},{""id"":""irMetadata"",""mime_type"":""application/octet-stream""},{""id"":""rightsMetadata"",""mime_type"":""application/octet-stream""}],""datastream_ids"":[""DC"",""MODS"",""RELS-EXT"",""RELS-INT"",""VIDEO-MASTER"",""irMetadata"",""rightsMetadata""],""has_children"":false,""has_parent"":false,""is_ordered"":false,""object_type"":""video"",""typeOfResource"":""moving image""}"
xlsx_object_definition_e609bb5496f2	e609bb5496f2	xlsx object definition	Observed xlsx object definition through public BDR API sampling.	1	bdr:1093299	xlsx	text	False	False	False	DC|MODS|RELS-EXT|RELS-INT|XLSX|irMetadata|rightsMetadata	"[{""id"":""DC"",""mime_type"":""application/octet-stream""},{""id"":""MODS"",""mime_type"":""text/xml""},{""id"":""RELS-EXT"",""mime_type"":""text/xml""},{""id"":""RELS-INT"",""mime_type"":""text/xml""},{""id"":""XLSX"",""mime_type"":""application/vnd.openxmlformats-officedocument.spreadsheetml.sheet""},{""id"":""irMetadata"",""mime_type"":""application/octet-stream""},{""id"":""rightsMetadata"",""mime_type"":""application/octet-stream""}]"	"{""datastream_details"":[{""id"":""DC"",""mime_type"":""application/octet-stream""},{""id"":""MODS"",""mime_type"":""text/xml""},{""id"":""RELS-EXT"",""mime_type"":""text/xml""},{""id"":""RELS-INT"",""mime_type"":""text/xml""},{""id"":""XLSX"",""mime_type"":""application/vnd.openxmlformats-officedocument.spreadsheetml.sheet""},{""id"":""irMetadata"",""mime_type"":""application/octet-stream""},{""id"":""rightsMetadata"",""mime_type"":""application/octet-stream""}],""datastream_ids"":[""DC"",""MODS"",""RELS-EXT"",""RELS-INT"",""XLSX"",""irMetadata"",""rightsMetadata""],""has_children"":false,""has_parent"":false,""is_ordered"":false,""object_type"":""xlsx"",""typeOfResource"":""text""}"
zip_object_definition_06f6d148d9c5	06f6d148d9c5	zip object definition	Observed zip object definition through public BDR API sampling.	69	bdr:1002868|bdr:1002871|bdr:1002872	zip	software, multimedia	False	False	False	DC|MODS|RELS-EXT|RELS-INT|ZIP|irMetadata|rightsMetadata	"[{""id"":""DC"",""mime_type"":""application/octet-stream""},{""id"":""MODS"",""mime_type"":""text/xml""},{""id"":""RELS-EXT"",""mime_type"":""text/xml""},{""id"":""RELS-INT"",""mime_type"":""text/xml""},{""id"":""ZIP"",""mime_type"":""application/zip""},{""id"":""irMetadata"",""mime_type"":""application/octet-stream""},{""id"":""rightsMetadata"",""mime_type"":""application/octet-stream""}]"	"{""datastream_details"":[{""id"":""DC"",""mime_type"":""application/octet-stream""},{""id"":""MODS"",""mime_type"":""text/xml""},{""id"":""RELS-EXT"",""mime_type"":""text/xml""},{""id"":""RELS-INT"",""mime_type"":""text/xml""},{""id"":""ZIP"",""mime_type"":""application/zip""},{""id"":""irMetadata"",""mime_type"":""application/octet-stream""},{""id"":""rightsMetadata"",""mime_type"":""application/octet-stream""}],""datastream_ids"":[""DC"",""MODS"",""RELS-EXT"",""RELS-INT"",""ZIP"",""irMetadata"",""rightsMetadata""],""has_children"":false,""has_parent"":false,""is_ordered"":false,""object_type"":""zip"",""typeOfResource"":""software, multimedia""}"
zip_object_definition_0d30f5d8ec78	0d30f5d8ec78	zip object definition	Observed zip object definition through public BDR API sampling.	1	bdr:1144738	zip	software	False	False	False	DC|MODS|RELS-EXT|RELS-INT|ZIP|irMetadata|rightsMetadata	"[{""id"":""DC"",""mime_type"":""application/octet-stream""},{""id"":""MODS"",""mime_type"":""text/xml""},{""id"":""RELS-EXT"",""mime_type"":""text/xml""},{""id"":""RELS-INT"",""mime_type"":""text/xml""},{""id"":""ZIP"",""mime_type"":""application/zip""},{""id"":""irMetadata"",""mime_type"":""application/octet-stream""},{""id"":""rightsMetadata"",""mime_type"":""application/octet-stream""}]"	"{""datastream_details"":[{""id"":""DC"",""mime_type"":""application/octet-stream""},{""id"":""MODS"",""mime_type"":""text/xml""},{""id"":""RELS-EXT"",""mime_type"":""text/xml""},{""id"":""RELS-INT"",""mime_type"":""text/xml""},{""id"":""ZIP"",""mime_type"":""application/zip""},{""id"":""irMetadata"",""mime_type"":""application/octet-stream""},{""id"":""rightsMetadata"",""mime_type"":""application/octet-stream""}],""datastream_ids"":[""DC"",""MODS"",""RELS-EXT"",""RELS-INT"",""ZIP"",""irMetadata"",""rightsMetadata""],""has_children"":false,""has_parent"":false,""is_ordered"":false,""object_type"":""zip"",""typeOfResource"":""software""}"
zip_object_definition_3ceefb9ad2d3	3ceefb9ad2d3	zip object definition	Observed zip object definition through public BDR API sampling.	1	bdr:1067034	zip	software, multimedia	False	True	False	DC|MODS|RELS-EXT|RELS-INT|ZIP|irMetadata|rightsMetadata	"[{""id"":""DC"",""mime_type"":""application/octet-stream""},{""id"":""MODS"",""mime_type"":""text/xml""},{""id"":""RELS-EXT"",""mime_type"":""text/xml""},{""id"":""RELS-INT"",""mime_type"":""text/xml""},{""id"":""ZIP"",""mime_type"":""application/zip""},{""id"":""irMetadata"",""mime_type"":""application/octet-stream""},{""id"":""rightsMetadata"",""mime_type"":""application/octet-stream""}]"	"{""datastream_details"":[{""id"":""DC"",""mime_type"":""application/octet-stream""},{""id"":""MODS"",""mime_type"":""text/xml""},{""id"":""RELS-EXT"",""mime_type"":""text/xml""},{""id"":""RELS-INT"",""mime_type"":""text/xml""},{""id"":""ZIP"",""mime_type"":""application/zip""},{""id"":""irMetadata"",""mime_type"":""application/octet-stream""},{""id"":""rightsMetadata"",""mime_type"":""application/octet-stream""}],""datastream_ids"":[""DC"",""MODS"",""RELS-EXT"",""RELS-INT"",""ZIP"",""irMetadata"",""rightsMetadata""],""has_children"":true,""has_parent"":false,""is_ordered"":false,""object_type"":""zip"",""typeOfResource"":""software, multimedia""}"
zip_object_definition_4a124159aee5	4a124159aee5	zip object definition	Observed zip object definition through public BDR API sampling.	2	bdr:1102322|bdr:1140620	zip	research_datasets	False	False	False	DC|MODS|RELS-EXT|RELS-INT|ZIP|irMetadata|rightsMetadata	"[{""id"":""DC"",""mime_type"":""application/octet-stream""},{""id"":""MODS"",""mime_type"":""text/xml""},{""id"":""RELS-EXT"",""mime_type"":""text/xml""},{""id"":""RELS-INT"",""mime_type"":""text/xml""},{""id"":""ZIP"",""mime_type"":""application/zip""},{""id"":""irMetadata"",""mime_type"":""application/octet-stream""},{""id"":""rightsMetadata"",""mime_type"":""application/octet-stream""}]"	"{""datastream_details"":[{""id"":""DC"",""mime_type"":""application/octet-stream""},{""id"":""MODS"",""mime_type"":""text/xml""},{""id"":""RELS-EXT"",""mime_type"":""text/xml""},{""id"":""RELS-INT"",""mime_type"":""text/xml""},{""id"":""ZIP"",""mime_type"":""application/zip""},{""id"":""irMetadata"",""mime_type"":""application/octet-stream""},{""id"":""rightsMetadata"",""mime_type"":""application/octet-stream""}],""datastream_ids"":[""DC"",""MODS"",""RELS-EXT"",""RELS-INT"",""ZIP"",""irMetadata"",""rightsMetadata""],""has_children"":false,""has_parent"":false,""is_ordered"":false,""object_type"":""zip"",""typeOfResource"":""research_datasets""}"
zip_object_definition_6dbca8d94321	6dbca8d94321	zip object definition	Observed zip object definition through public BDR API sampling.	8	bdr:1078411|bdr:1078471|bdr:1078474	zip	text	False	False	False	DC|MODS|RELS-EXT|RELS-INT|ZIP|irMetadata|rightsMetadata	"[{""id"":""DC"",""mime_type"":""application/octet-stream""},{""id"":""MODS"",""mime_type"":""text/xml""},{""id"":""RELS-EXT"",""mime_type"":""text/xml""},{""id"":""RELS-INT"",""mime_type"":""text/xml""},{""id"":""ZIP"",""mime_type"":""application/zip""},{""id"":""irMetadata"",""mime_type"":""application/octet-stream""},{""id"":""rightsMetadata"",""mime_type"":""application/octet-stream""}]"	"{""datastream_details"":[{""id"":""DC"",""mime_type"":""application/octet-stream""},{""id"":""MODS"",""mime_type"":""text/xml""},{""id"":""RELS-EXT"",""mime_type"":""text/xml""},{""id"":""RELS-INT"",""mime_type"":""text/xml""},{""id"":""ZIP"",""mime_type"":""application/zip""},{""id"":""irMetadata"",""mime_type"":""application/octet-stream""},{""id"":""rightsMetadata"",""mime_type"":""application/octet-stream""}],""datastream_ids"":[""DC"",""MODS"",""RELS-EXT"",""RELS-INT"",""ZIP"",""irMetadata"",""rightsMetadata""],""has_children"":false,""has_parent"":false,""is_ordered"":false,""object_type"":""zip"",""typeOfResource"":""text""}"
zip_object_definition_75434c2a4827	75434c2a4827	zip object definition	Observed zip object definition through public BDR API sampling.	20	bdr:1054596|bdr:1104399|bdr:1114617	zip	software, multimedia	True	False	True	DC|MODS|RELS-EXT|RELS-INT|ZIP|irMetadata|rightsMetadata	"[{""id"":""DC"",""mime_type"":""application/octet-stream""},{""id"":""MODS"",""mime_type"":""text/xml""},{""id"":""RELS-EXT"",""mime_type"":""text/xml""},{""id"":""RELS-INT"",""mime_type"":""text/xml""},{""id"":""ZIP"",""mime_type"":""application/zip""},{""id"":""irMetadata"",""mime_type"":""application/octet-stream""},{""id"":""rightsMetadata"",""mime_type"":""application/octet-stream""}]"	"{""datastream_details"":[{""id"":""DC"",""mime_type"":""application/octet-stream""},{""id"":""MODS"",""mime_type"":""text/xml""},{""id"":""RELS-EXT"",""mime_type"":""text/xml""},{""id"":""RELS-INT"",""mime_type"":""text/xml""},{""id"":""ZIP"",""mime_type"":""application/zip""},{""id"":""irMetadata"",""mime_type"":""application/octet-stream""},{""id"":""rightsMetadata"",""mime_type"":""application/octet-stream""}],""datastream_ids"":[""DC"",""MODS"",""RELS-EXT"",""RELS-INT"",""ZIP"",""irMetadata"",""rightsMetadata""],""has_children"":false,""has_parent"":true,""is_ordered"":true,""object_type"":""zip"",""typeOfResource"":""software, multimedia""}"
zip_object_definition_9068ac4adfab	9068ac4adfab	zip object definition	Observed zip object definition through public BDR API sampling.	1	bdr:1078482	zip	software, multimedia	False	False	False	DC|MODS|RELS-EXT|RELS-INT|ZIP|irMetadata|rightsMetadata	"[{""id"":""DC"",""mime_type"":""application/octet-stream""},{""id"":""MODS"",""mime_type"":""text/xml""},{""id"":""RELS-EXT"",""mime_type"":""text/xml""},{""id"":""RELS-INT"",""mime_type"":""text/xml""},{""id"":""ZIP"",""mime_type"":""application/vnd.openxmlformats-officedocument.spreadsheetml.sheet""},{""id"":""irMetadata"",""mime_type"":""application/octet-stream""},{""id"":""rightsMetadata"",""mime_type"":""application/octet-stream""}]"	"{""datastream_details"":[{""id"":""DC"",""mime_type"":""application/octet-stream""},{""id"":""MODS"",""mime_type"":""text/xml""},{""id"":""RELS-EXT"",""mime_type"":""text/xml""},{""id"":""RELS-INT"",""mime_type"":""text/xml""},{""id"":""ZIP"",""mime_type"":""application/vnd.openxmlformats-officedocument.spreadsheetml.sheet""},{""id"":""irMetadata"",""mime_type"":""application/octet-stream""},{""id"":""rightsMetadata"",""mime_type"":""application/octet-stream""}],""datastream_ids"":[""DC"",""MODS"",""RELS-EXT"",""RELS-INT"",""ZIP"",""irMetadata"",""rightsMetadata""],""has_children"":false,""has_parent"":false,""is_ordered"":false,""object_type"":""zip"",""typeOfResource"":""software, multimedia""}"
zip_object_definition_953262dc9e74	953262dc9e74	zip object definition	Observed zip object definition through public BDR API sampling.	3	bdr:1113162|bdr:1117604|bdr:1127795	zip	mixed material	False	False	False	DC|MODS|RELS-EXT|RELS-INT|ZIP|irMetadata|rightsMetadata	"[{""id"":""DC"",""mime_type"":""application/octet-stream""},{""id"":""MODS"",""mime_type"":""text/xml""},{""id"":""RELS-EXT"",""mime_type"":""text/xml""},{""id"":""RELS-INT"",""mime_type"":""text/xml""},{""id"":""ZIP"",""mime_type"":""application/zip""},{""id"":""irMetadata"",""mime_type"":""application/octet-stream""},{""id"":""rightsMetadata"",""mime_type"":""application/octet-stream""}]"	"{""datastream_details"":[{""id"":""DC"",""mime_type"":""application/octet-stream""},{""id"":""MODS"",""mime_type"":""text/xml""},{""id"":""RELS-EXT"",""mime_type"":""text/xml""},{""id"":""RELS-INT"",""mime_type"":""text/xml""},{""id"":""ZIP"",""mime_type"":""application/zip""},{""id"":""irMetadata"",""mime_type"":""application/octet-stream""},{""id"":""rightsMetadata"",""mime_type"":""application/octet-stream""}],""datastream_ids"":[""DC"",""MODS"",""RELS-EXT"",""RELS-INT"",""ZIP"",""irMetadata"",""rightsMetadata""],""has_children"":false,""has_parent"":false,""is_ordered"":false,""object_type"":""zip"",""typeOfResource"":""mixed material""}"
zip_object_definition_b3e71b20d92f	b3e71b20d92f	zip object definition	Observed zip object definition through public BDR API sampling.	2	bdr:1093374|bdr:1136944	zip	text	False	False	False	DC|MODS|RELS-EXT|RELS-INT|XLSX|ZIP|irMetadata|rightsMetadata	"[{""id"":""DC"",""mime_type"":""application/octet-stream""},{""id"":""MODS"",""mime_type"":""text/xml""},{""id"":""RELS-EXT"",""mime_type"":""text/xml""},{""id"":""RELS-INT"",""mime_type"":""text/xml""},{""id"":""XLSX"",""mime_type"":""application/vnd.openxmlformats-officedocument.spreadsheetml.sheet""},{""id"":""ZIP"",""mime_type"":""application/zip""},{""id"":""irMetadata"",""mime_type"":""application/octet-stream""},{""id"":""rightsMetadata"",""mime_type"":""application/octet-stream""}]"	"{""datastream_details"":[{""id"":""DC"",""mime_type"":""application/octet-stream""},{""id"":""MODS"",""mime_type"":""text/xml""},{""id"":""RELS-EXT"",""mime_type"":""text/xml""},{""id"":""RELS-INT"",""mime_type"":""text/xml""},{""id"":""XLSX"",""mime_type"":""application/vnd.openxmlformats-officedocument.spreadsheetml.sheet""},{""id"":""ZIP"",""mime_type"":""application/zip""},{""id"":""irMetadata"",""mime_type"":""application/octet-stream""},{""id"":""rightsMetadata"",""mime_type"":""application/octet-stream""}],""datastream_ids"":[""DC"",""MODS"",""RELS-EXT"",""RELS-INT"",""XLSX"",""ZIP"",""irMetadata"",""rightsMetadata""],""has_children"":false,""has_parent"":false,""is_ordered"":false,""object_type"":""zip"",""typeOfResource"":""text""}"
zip_object_definition_ec25c4a90c01	ec25c4a90c01	zip object definition	Observed zip object definition through public BDR API sampling.	1	bdr:1146780	zip	still image	False	False	False	DC|MODS|RELS-EXT|RELS-INT|ZIP|irMetadata|rightsMetadata	"[{""id"":""DC"",""mime_type"":""application/octet-stream""},{""id"":""MODS"",""mime_type"":""text/xml""},{""id"":""RELS-EXT"",""mime_type"":""text/xml""},{""id"":""RELS-INT"",""mime_type"":""text/xml""},{""id"":""ZIP"",""mime_type"":""application/zip""},{""id"":""irMetadata"",""mime_type"":""application/octet-stream""},{""id"":""rightsMetadata"",""mime_type"":""application/octet-stream""}]"	"{""datastream_details"":[{""id"":""DC"",""mime_type"":""application/octet-stream""},{""id"":""MODS"",""mime_type"":""text/xml""},{""id"":""RELS-EXT"",""mime_type"":""text/xml""},{""id"":""RELS-INT"",""mime_type"":""text/xml""},{""id"":""ZIP"",""mime_type"":""application/zip""},{""id"":""irMetadata"",""mime_type"":""application/octet-stream""},{""id"":""rightsMetadata"",""mime_type"":""application/octet-stream""}],""datastream_ids"":[""DC"",""MODS"",""RELS-EXT"",""RELS-INT"",""ZIP"",""irMetadata"",""rightsMetadata""],""has_children"":false,""has_parent"":false,""is_ordered"":false,""object_type"":""zip"",""typeOfResource"":""still image""}"
